{
    "average": 12038.555356288856,
    "stddev": 2210.4897332664495,
    "variance": 4886264.86087638
}